entity_type,layer,start_x,start_y,start_z,end_x,end_y,end_z,center_x,center_y,radius,vertices,vertex_count,closed,start_angle,end_angle,text,insert_x,insert_y
LINE,Muros,24.5169,31.367,0.0,24.5169,31.477,0.0,,,,,,,,,,,
LINE,Muros,23.9318,35.317,0.0,34.4018,35.317,0.0,,,,,,,,,,,
LINE,Muros,34.0018,34.917,0.0,34.0018,17.0991,0.0,,,,,,,,,,,
LINE,Muros,23.9318,17.0991,0.0,23.9318,35.317,0.0,,,,,,,,,,,
LINE,Muros,24.3318,34.917,0.0,34.0418,34.917,0.0,,,,,,,,,,,
LINE,Muros,34.4018,35.317,0.0,34.4018,17.0991,0.0,,,,,,,,,,,
LINE,Medianeras,34.7995,17.0991,0.0,23.6906,17.0991,0.0,,,,,,,,,,,
LINE,Muros,25.7718,31.587,0.0,27.5718,31.587,0.0,,,,,,,,,,,
LINE,Muros,24.1318,31.587,0.0,24.1318,23.827,0.0,,,,,,,,,,,
LINE,Muros,25.7718,31.587,0.0,25.7718,31.367,0.0,,,,,,,,,,,
LINE,Muros,24.1318,23.827,0.0,24.3718,23.827,0.0,,,,,,,,,,,
HATCH,Muebles objetos y demas,,,,,,,,,,,,,,,,,
LINE,Muros,24.3518,24.047,0.0,24.3518,27.647,0.0,,,,,,,,,,,
LINE,Muros,24.3518,28.367,0.0,24.3518,31.367,0.0,,,,,,,,,,,
LINE,Muros,24.3718,24.047,0.0,24.3718,23.827,0.0,,,,,,,,,,,
LINE,Ventanas,24.5169,31.367,0.0,25.7718,31.367,0.0,,,,,,,,,,,
LINE,Muros,24.3318,34.917,0.0,24.3318,31.587,0.0,,,,,,,,,,,
LINE,Muros,24.3318,17.0991,0.0,24.3318,23.827,0.0,,,,,,,,,,,
LINE,Ventanas,24.4218,24.047,0.0,25.7522,24.047,0.0,,,,,,,,,,,
LINE,Muros,25.8022,24.047,0.0,25.8022,23.827,0.0,,,,,,,,,,,
LINE,Ventanas,25.8022,23.827,0.0,24.3718,23.827,0.0,,,,,,,,,,,
LINE,Muros,27.3518,24.047,0.0,25.8022,24.047,0.0,,,,,,,,,,,
LINE,Muros,25.8022,23.827,0.0,27.3118,23.827,0.0,,,,,,,,,,,
LINE,Muros,27.3518,24.047,0.0,27.3518,26.8013,0.0,,,,,,,,,,,
HATCH,Muros,,,,,,,,,,,,,,,,,
LINE,Muros,24.3518,27.767,0.0,27.3518,27.767,0.0,,,,,,,,,,,
LINE,Muebles objetos y demas,24.3518,28.367,0.0,27.3518,28.367,0.0,,,,,,,,,,,
LINE,Muros,27.3518,27.6013,0.0,27.3518,27.647,0.0,,,,,,,,,,,
LINE,Muros,27.3518,27.767,0.0,27.3518,28.4593,0.0,,,,,,,,,,,
LINE,Muros,27.3518,31.367,0.0,27.3518,29.1971,0.0,,,,,,,,,,,
LINE,Muros,25.7718,31.367,0.0,27.3518,31.367,0.0,,,,,,,,,,,
LINE,Muros,27.3518,28.4593,0.0,27.5518,28.4593,0.0,,,,,,,,,,,
LINE,0,27.3518,27.767,0.0,27.3518,27.767,0.0,,,,,,,,,,,
LINE,Muros,27.3518,27.6013,0.0,27.5518,27.6013,0.0,,,,,,,,,,,
LINE,Muros,27.5518,27.6013,0.0,27.5518,28.4593,0.0,,,,,,,,,,,
LINE,Muros,27.3518,29.1971,0.0,27.5718,29.1971,0.0,,,,,,,,,,,
LINE,Muros,27.5718,29.1971,0.0,27.5718,31.587,0.0,,,,,,,,,,,
LINE,Muros,24.3518,27.647,0.0,26.3518,27.647,0.0,,,,,,,,,,,
LINE,Muros,26.4718,27.647,0.0,27.3518,27.647,0.0,,,,,,,,,,,
LINE,Muros,27.3518,26.8013,0.0,27.5518,26.8013,0.0,,,,,,,,,,,
LINE,Muros,27.5518,26.8013,0.0,27.5518,23.827,0.0,,,,,,,,,,,
LINE,Ventanas,24.5518,24.047,0.0,24.5518,24.047,0.0,,,,,,,,,,,
LINE,Muebles objetos y demas,24.3518,27.047,0.0,26.3518,27.047,0.0,,,,,,,,,,,
LINE,Muros,26.3518,27.047,0.0,26.3518,27.647,0.0,,,,,,,,,,,
LINE,Muros,26.3518,27.047,0.0,26.4718,27.047,0.0,,,,,,,,,,,
LINE,Muros,26.4718,27.047,0.0,26.4718,27.647,0.0,,,,,,,,,,,
LINE,Muros,24.3518,28.367,0.0,24.3518,27.767,0.0,,,,,,,,,,,
LINE,Muros,28.3718,29.1371,0.0,29.1718,29.1371,0.0,,,,,,,,,,,
LINE,Muros,29.2918,29.1371,0.0,31.0718,29.1371,0.0,,,,,,,,,,,
LINE,Muros,28.3718,29.1371,0.0,28.3718,29.3571,0.0,,,,,,,,,,,
LINE,Muros,28.3718,29.3571,0.0,31.2918,29.3571,0.0,,,,,,,,,,,
LINE,Muros,31.2918,29.3571,0.0,31.2918,29.1171,0.0,,,,,,,,,,,
LINE,Muros,31.2918,29.1171,0.0,31.0718,29.1171,0.0,,,,,,,,,,,
LINE,Muros,31.0718,29.1371,0.0,31.0718,29.1171,0.0,,,,,,,,,,,
LINE,0,28.4718,27.8371,0.0,29.1718,27.8371,0.0,,,,,,,,,,,
LINE,Defpoints,29.2918,27.8371,0.0,31.0718,27.8371,0.0,,,,,,,,,,,
LINE,Muros,28.3518,28.275,0.0,28.3518,27.8371,0.0,,,,,,,,,,,
LINE,Muros,28.3518,28.275,0.0,28.4718,28.275,0.0,,,,,,,,,,,
LINE,Muros,28.4718,28.275,0.0,28.4718,27.8371,0.0,,,,,,,,,,,
LINE,Muros,28.3518,27.8371,0.0,28.3518,26.6813,0.0,,,,,,,,,,,
LINE,Muros,28.3518,26.6813,0.0,28.4718,26.6813,0.0,,,,,,,,,,,
LINE,Muros,28.4718,26.6813,0.0,28.4718,27.6371,0.0,,,,,,,,,,,
LINE,Muros,28.4718,27.8371,0.0,29.1718,27.8371,0.0,,,,,,,,,,,
LINE,Muros,29.2918,27.8371,0.0,31.0718,27.8371,0.0,,,,,,,,,,,
LINE,Muros,31.0718,27.6371,0.0,28.4718,27.6371,0.0,,,,,,,,,,,
LINE,Muros,31.0718,27.8371,0.0,31.0718,28.6171,0.0,,,,,,,,,,,
LINE,Ventanas,31.2918,29.1171,0.0,31.2918,28.6171,0.0,,,,,,,,,,,
LINE,Muros,31.2918,26.7871,0.0,31.2918,28.6171,0.0,,,,,,,,,,,
LINE,Muros,30.2718,25.4191,0.0,30.2718,26.2171,0.0,,,,,,,,,,,
LINE,Muros,30.2718,26.2171,0.0,30.3918,26.2171,0.0,,,,,,,,,,,
LINE,Muros,31.0718,25.5371,0.0,30.3918,25.5371,0.0,,,,,,,,,,,
LINE,Muros,30.3918,25.5371,0.0,30.3918,26.2171,0.0,,,,,,,,,,,
LINE,Muebles objetos y demas,30.2718,25.538,0.0,28.4718,25.538,0.0,,,,,,,,,,,
LINE,Muros,28.4718,25.538,0.0,28.4718,25.8111,0.0,,,,,,,,,,,
LINE,Muros,28.3518,25.8111,0.0,28.3518,25.538,0.0,,,,,,,,,,,
LINE,Muebles objetos y demas,28.4718,25.8111,0.0,30.2718,25.8111,0.0,,,,,,,,,,,
LINE,Muros,31.2918,28.6171,0.0,31.0718,28.6171,0.0,,,,,,,,,,,
LINE,Muros,29.1718,28.3197,0.0,29.1718,27.8371,0.0,,,,,,,,,,,
LINE,Muros,29.2918,28.3197,0.0,29.2918,27.8371,0.0,,,,,,,,,,,
LINE,Muebles objetos y demas,28.4718,28.275,0.0,29.1718,28.275,0.0,,,,,,,,,,,
LINE,Muros,29.1718,28.3197,0.0,29.2918,28.3197,0.0,,,,,,,,,,,
LINE,Muros,29.1718,29.1371,0.0,29.1718,29.1171,0.0,,,,,,,,,,,
LINE,Muros,29.1718,29.1171,0.0,29.2918,29.1171,0.0,,,,,,,,,,,
LINE,Muros,29.2918,29.1171,0.0,29.2918,29.1371,0.0,,,,,,,,,,,
CIRCLE,Muebles objetos y demas,,,,,,,28.9724,28.0689,0.1393,,,,,,,,
LINE,Muros,31.0718,26.7871,0.0,31.2918,26.7871,0.0,,,,,,,,,,,
LINE,Muros,31.0718,27.6371,0.0,31.0718,26.7871,0.0,,,,,,,,,,,
LINE,Ventanas,31.0718,26.7871,0.0,31.0718,26.2871,0.0,,,,,,,,,,,
LINE,Muros,31.0718,26.2871,0.0,31.2918,26.2871,0.0,,,,,,,,,,,
LINE,Muros,31.0718,25.5371,0.0,31.0718,26.2871,0.0,,,,,,,,,,,
LINE,Muros,30.2718,25.4191,0.0,31.0718,25.4191,0.0,,,,,,,,,,,
LINE,Muros,31.0718,25.4191,0.0,31.0718,25.3491,0.0,,,,,,,,,,,
LINE,Ventanas,31.2918,25.3511,0.0,31.2918,23.8991,0.0,,,,,,,,,,,
LINE,Muros,31.2918,23.8991,0.0,31.0718,23.8991,0.0,,,,,,,,,,,
LINE,Ventanas,31.0718,23.8991,0.0,31.0718,25.3491,0.0,,,,,,,,,,,
LINE,Muros,31.0718,23.8991,0.0,31.0718,19.8191,0.0,,,,,,,,,,,
LINE,Muros,31.2918,23.8991,0.0,31.2918,19.8191,0.0,,,,,,,,,,,
LINE,Muros,31.2918,19.8191,0.0,31.2918,19.5991,0.0,,,,,,,,,,,
LINE,Muros,31.0718,19.8191,0.0,29.2718,19.8191,0.0,,,,,,,,,,,
LINE,Muros,27.5518,23.827,0.0,27.5518,23.427,0.0,,,,,,,,,,,
LINE,Muros,27.5518,23.427,0.0,27.3118,23.427,0.0,,,,,,,,,,,
LINE,Muros,27.3118,23.427,0.0,27.3118,23.827,0.0,,,,,,,,,,,
LINE,Muros,27.3118,22.527,0.0,27.5518,22.527,0.0,,,,,,,,,,,
LINE,Muros,27.3118,22.527,0.0,27.3118,20.8918,0.0,,,,,,,,,,,
LINE,Muros,31.2918,19.5991,0.0,29.2718,19.5991,0.0,,,,,,,,,,,
LINE,Muros,29.2718,19.5991,0.0,29.2718,19.8191,0.0,,,,,,,,,,,
LINE,Muros,27.5518,22.527,0.0,27.5518,20.8918,0.0,,,,,,,,,,,
LINE,Ventanas,29.2718,19.5991,0.0,27.3118,19.5991,0.0,,,,,,,,,,,
LINE,Ventanas,27.5518,19.8191,0.0,27.5518,19.5991,0.0,,,,,,,,,,,
LINE,Ventanas,27.5518,19.8191,0.0,27.3118,19.8191,0.0,,,,,,,,,,,
LINE,Muros,27.5518,20.8918,0.0,27.3118,20.8918,0.0,,,,,,,,,,,
LINE,Muebles objetos y demas,31.2918,19.5991,0.0,34.0018,19.5991,0.0,,,,,,,,,,,
LINE,Muebles objetos y demas,25.8718,23.827,0.0,25.8718,17.9271,0.0,,,,,,,,,,,
LINE,Muebles objetos y demas,25.8718,17.8297,0.0,27.3116,17.8297,0.0,,,,,,,,,,,
LINE,Muebles objetos y demas,27.3118,17.9271,0.0,27.3118,19.5991,0.0,,,,,,,,,,,
LINE,Muebles objetos y demas,25.8718,17.0991,0.0,25.8718,17.8297,0.0,,,,,,,,,,,
LINE,Muebles objetos y demas,27.3116,17.8297,0.0,27.3116,17.0991,0.0,,,,,,,,,,,
LINE,Muebles objetos y demas,25.8718,17.9271,0.0,27.3118,17.9271,0.0,,,,,,,,,,,
LINE,Muebles objetos y demas,27.3118,21.5741,0.0,26.1718,21.5741,0.0,,,,,,,,,,,
LINE,Muebles objetos y demas,26.1718,21.5741,0.0,26.1718,23.827,0.0,,,,,,,,,,,
LWPOLYLINE,Muebles objetos y demas,,,,,,,,,,"[[31.4627, 17.8216], [32.3867, 17.8216], [32.3867, 17.0991], [31.4627, 17.0991]]",4.0,True,,,,,
LWPOLYLINE,Muebles objetos y demas,,,,,,,,,,"[[32.3869, 17.9116], [31.4627, 17.9116], [31.4627, 18.3454], [32.3869, 18.3454]]",4.0,True,,,,,
LWPOLYLINE,Muebles objetos y demas,,,,,,,,,,"[[32.3869, 18.4354], [31.4627, 18.4354], [31.4627, 18.8692], [32.3869, 18.8692]]",4.0,True,,,,,
LWPOLYLINE,Muebles objetos y demas,,,,,,,,,,"[[32.3869, 18.9592], [31.4627, 18.9592], [31.4627, 19.393], [32.3869, 19.393]]",4.0,True,,,,,
LINE,Ventanas,29.2218,19.8191,0.0,29.2218,19.5991,0.0,,,,,,,,,,,
LWPOLYLINE,Ventanas,,,,,,,,,,"[[27.5518, 19.8191], [29.2218, 19.8191], [29.2218, 19.7267], [27.5518, 19.7267]]",4.0,True,,,,,
LINE,Ventanas,29.2218,19.7735,0.0,27.5518,19.7735,0.0,,,,,,,,,,,
LINE,Ventanas,27.3118,20.8418,0.0,27.5518,20.8418,0.0,,,,,,,,,,,
LWPOLYLINE,Ventanas,,,,,,,,,,"[[27.5518, 20.8418], [27.5518, 19.8191], [27.4594, 19.8191], [27.4594, 20.8418]]",4.0,True,,,,,
LINE,Ventanas,27.5518,19.8191,0.0,27.5518,20.8418,0.0,,,,,,,,,,,
LINE,Ventanas,27.5062,20.8418,0.0,27.5062,19.8191,0.0,,,,,,,,,,,
CIRCLE,Muebles objetos y demas,,,,,,,30.7743,18.9691,0.4626,,,,,,,,
CIRCLE,Muebles objetos y demas,,,,,,,30.6684,19.0352,0.4362,,,,,,,,
CIRCLE,Muebles objetos y demas,,,,,,,30.6551,19.0352,0.4984,,,,,,,,
INSERT,Muebles objetos y demas,,,,,,,,,,,,,,,,,
LINE,Muebles objetos y demas,30.6684,19.0352,0.0,31.0837,18.4142,0.0,,,,,,,,,,,
CIRCLE,Muebles objetos y demas,,,,,,,29.805,18.811,0.2191,,,,,,,,
CIRCLE,Muebles objetos y demas,,,,,,,29.805,18.8421,0.2166,,,,,,,,
LINE,Muebles objetos y demas,29.5445,18.8004,0.0,29.8267,18.8004,0.0,,,,,,,,,,,
LINE,Muebles objetos y demas,29.8267,18.8004,0.0,30.072,18.9279,0.0,,,,,,,,,,,
LINE,Muebles objetos y demas,29.8267,18.8004,0.0,30.0585,18.6863,0.0,,,,,,,,,,,
LINE,Muebles objetos y demas,29.8267,18.8004,0.0,29.5781,18.9904,0.0,,,,,,,,,,,
CIRCLE,Muebles objetos y demas,,,,,,,24.7782,22.5103,0.2191,,,,,,,,
CIRCLE,Muebles objetos y demas,,,,,,,24.7782,22.5413,0.2166,,,,,,,,
LINE,Muebles objetos y demas,24.5177,22.4997,0.0,24.7999,22.4997,0.0,,,,,,,,,,,
LINE,Muebles objetos y demas,24.7999,22.4997,0.0,25.0451,22.6272,0.0,,,,,,,,,,,
LINE,Muebles objetos y demas,24.7999,22.4997,0.0,25.0317,22.3856,0.0,,,,,,,,,,,
LINE,Muebles objetos y demas,24.7999,22.4997,0.0,24.5513,22.6897,0.0,,,,,,,,,,,
INSERT,Muebles objetos y demas,,,,,,,,,,,,,,,,,
INSERT,Muebles objetos y demas,,,,,,,,,,,,,,,,,
INSERT,0,,,,,,,,,,,,,,,,,
INSERT,0,,,,,,,,,,,,,,,,,
INSERT,0,,,,,,,,,,,,,,,,,
INSERT,0,,,,,,,,,,,,,,,,,
INSERT,0,,,,,,,,,,,,,,,,,
LINE,Puertas,27.3518,28.4593,0.0,27.3518,28.5093,0.0,,,,,,,,,,,
LINE,Puertas,27.3518,28.5093,0.0,26.5518,28.5093,0.0,,,,,,,,,,,
LINE,Puertas,26.5518,28.5093,0.0,26.5518,28.4593,0.0,,,,,,,,,,,
LINE,Puertas,26.5518,28.4593,0.0,27.3518,28.4593,0.0,,,,,,,,,,,
ARC,Puertas,,,,,,,27.4488,28.2752,0.9271,,,,96.0057,165.3691,,,
LINE,Puertas,29.2918,29.1171,0.0,29.2918,29.0671,0.0,,,,,,,,,,,
LINE,Puertas,29.2918,29.0671,0.0,30.0918,29.0671,0.0,,,,,,,,,,,
LINE,Puertas,30.0918,29.0671,0.0,30.0918,29.1171,0.0,,,,,,,,,,,
LINE,Puertas,30.0918,29.1171,0.0,29.2918,29.1171,0.0,,,,,,,,,,,
ARC,Puertas,,,,,,,29.2513,29.1649,0.8462,,,,272.7427,353.3661,,,
LINE,Puertas,27.3518,27.6013,0.0,27.3518,27.5513,0.0,,,,,,,,,,,
LINE,Puertas,27.3518,27.5513,0.0,26.5518,27.5513,0.0,,,,,,,,,,,
LINE,Puertas,26.5518,27.5513,0.0,26.5518,27.6013,0.0,,,,,,,,,,,
LINE,Puertas,26.5518,27.6013,0.0,27.3518,27.6013,0.0,,,,,,,,,,,
ARC,Puertas,,,,,,,27.3057,27.5538,0.754,,,,180.1962,273.4991,,,
LINE,Puertas,27.5518,23.427,0.0,27.5518,23.367,0.0,,,,,,,,,,,
LINE,Puertas,27.5518,23.367,0.0,28.4518,23.367,0.0,,,,,,,,,,,
LINE,Puertas,28.4518,23.367,0.0,28.4518,23.427,0.0,,,,,,,,,,,
LINE,Puertas,28.4518,23.427,0.0,27.5518,23.427,0.0,,,,,,,,,,,
ARC,Puertas,,,,,,,27.5055,23.4787,0.9529,,,,272.7839,353.2662,,,
LWPOLYLINE,Ventanas,,,,,,,,,,"[[31.0718, 23.9491], [31.0718, 25.2991], [31.1641, 25.2991], [31.1641, 23.9491]]",4.0,True,,,,,
LINE,0,31.0718,25.3491,0.0,31.0718,25.3491,0.0,,,,,,,,,,,
LINE,Ventanas,31.0718,23.9491,0.0,31.2918,23.9491,0.0,,,,,,,,,,,
LINE,Muros,31.0718,25.3491,0.0,31.2918,25.3491,0.0,,,,,,,,,,,
LINE,Ventanas,31.118,25.2991,0.0,31.118,23.9491,0.0,,,,,,,,,,,
LWPOLYLINE,Ventanas,,,,,,,,,,"[[31.0718, 26.3371], [31.0718, 26.7371], [31.1641, 26.7371], [31.1641, 26.3371]]",4.0,True,,,,,
LINE,Ventanas,31.0718,26.7371,0.0,31.2918,26.7371,0.0,,,,,,,,,,,
LINE,Ventanas,31.0718,26.3371,0.0,31.2918,26.3371,0.0,,,,,,,,,,,
LINE,Ventanas,31.118,26.7371,0.0,31.118,26.3371,0.0,,,,,,,,,,,
LWPOLYLINE,Ventanas,,,,,,,,,,"[[31.0718, 28.6671], [31.0718, 29.0671], [31.1641, 29.0671], [31.1641, 28.6671]]",4.0,True,,,,,
LINE,Ventanas,31.0718,29.0671,0.0,31.2918,29.0671,0.0,,,,,,,,,,,
LINE,Ventanas,31.0718,28.6671,0.0,31.2918,28.6671,0.0,,,,,,,,,,,
LINE,Ventanas,31.118,29.0671,0.0,31.118,28.6671,0.0,,,,,,,,,,,
LINE,Ventanas,28.3718,29.3571,0.0,27.5718,29.3571,0.0,,,,,,,,,,,
LINE,Ventanas,27.5718,29.1971,0.0,28.3718,29.1971,0.0,,,,,,,,,,,
LINE,Ventanas,28.3718,29.3571,0.0,28.3218,29.3571,0.0,,,,,,,,,,,
LINE,Ventanas,28.3218,29.2771,0.0,28.3218,29.1971,0.0,,,,,,,,,,,
LINE,Ventanas,27.5718,29.3571,0.0,27.6218,29.3571,0.0,,,,,,,,,,,
LINE,Ventanas,27.6218,29.3571,0.0,27.6218,29.1971,0.0,,,,,,,,,,,
LINE,Ventanas,28.3218,29.2771,0.0,27.6218,29.2771,0.0,,,,,,,,,,,
LINE,Ventanas,28.3218,29.2771,0.0,28.3218,29.3571,0.0,,,,,,,,,,,
LINE,Ventanas,28.3218,29.3171,0.0,27.6218,29.3171,0.0,,,,,,,,,,,
ARC,Ventanas,,,,,,,27.5718,29.3571,0.8,,,,0.0,90.0,,,
LINE,Muebles objetos y demas,30.6684,19.0352,0.0,30.6684,18.599,0.0,,,,,,,,,,,
CIRCLE,Muebles objetos y demas,,,,,,,33.0547,33.4919,0.8581,,,,,,,,
CIRCLE,Muebles objetos y demas,,,,,,,32.8583,33.6145,0.8091,,,,,,,,
CIRCLE,Muebles objetos y demas,,,,,,,32.8338,33.6145,0.9244,,,,,,,,
CIRCLE,Muebles objetos y demas,,,,,,,33.2806,32.5677,0.4626,,,,,,,,
CIRCLE,Muebles objetos y demas,,,,,,,33.1747,32.6338,0.4362,,,,,,,,
CIRCLE,Muebles objetos y demas,,,,,,,33.1615,32.6338,0.4984,,,,,,,,
LINE,Muebles objetos y demas,33.1747,32.6338,0.0,33.59,32.0128,0.0,,,,,,,,,,,
LINE,Muebles objetos y demas,33.1747,32.6338,0.0,33.1747,32.1976,0.0,,,,,,,,,,,
LINE,Muebles objetos y demas,32.8583,33.6145,0.0,33.9172,34.222,0.0,,,,,,,,,,,
LINE,Muebles objetos y demas,32.8583,33.6145,0.0,31.8476,34.2371,0.0,,,,,,,,,,,
LINE,Ventanas,24.5669,31.477,0.0,25.7218,31.477,0.0,,,,,,,,,,,
LINE,Muros,24.5169,31.477,0.0,24.5169,31.587,0.0,,,,,,,,,,,
LINE,Ventanas,24.5669,31.532,0.0,25.7218,31.532,0.0,,,,,,,,,,,
LINE,Ventanas,24.5669,31.367,0.0,24.5669,31.587,0.0,,,,,,,,,,,
LINE,Ventanas,25.7228,31.587,0.0,25.7228,31.367,0.0,,,,,,,,,,,
LINE,Muebles objetos y demas,31.2918,25.3991,0.0,34.0018,25.3991,0.0,,,,,,,,,,,
LINE,Medianeras,24.1318,23.827,0.0,24.1318,14.516,0.0,,,,,,,,,,,
LINE,Medianeras,34.2004,14.4109,0.0,34.2074,35.1138,0.0,,,,,,,,,,,
LINE,Medianeras,24.1318,35.117,0.0,34.1993,35.1138,0.0,,,,,,,,,,,
LINE,Muebles objetos y demas,31.0718,27.0449,0.0,29.0718,27.0449,0.0,,,,,,,,,,,
LINE,Muebles objetos y demas,30.4718,27.0449,0.0,30.4718,27.6371,0.0,,,,,,,,,,,
LINE,Muebles objetos y demas,29.0718,27.0449,0.0,29.0718,27.6371,0.0,,,,,,,,,,,
LINE,Muebles objetos y demas,28.4718,27.0549,0.0,29.0718,27.0549,0.0,,,,,,,,,,,
LINE,Muebles objetos y demas,29.0718,27.1064,0.0,28.4718,27.1064,0.0,,,,,,,,,,,
LINE,Muebles objetos y demas,28.4718,27.3718,0.0,28.7464,27.3718,0.0,,,,,,,,,,,
LINE,Muebles objetos y demas,29.0718,27.3718,0.0,28.7971,27.3718,0.0,,,,,,,,,,,
LINE,Muebles objetos y demas,28.7718,27.6371,0.0,28.7718,27.3971,0.0,,,,,,,,,,,
LINE,Muebles objetos y demas,28.7718,27.1064,0.0,28.7718,27.3464,0.0,,,,,,,,,,,
CIRCLE,Muebles objetos y demas,,,,,,,28.7718,27.3718,0.0254,,,,,,,,
CIRCLE,Muebles objetos y demas,,,,,,,28.6243,27.5033,0.08,,,,,,,,
CIRCLE,Muebles objetos y demas,,,,,,,28.623,27.5031,0.0159,,,,,,,,
LINE,Muebles objetos y demas,28.6101,27.5124,0.0,28.5418,27.5567,0.0,,,,,,,,,,,
LINE,Muebles objetos y demas,28.6729,27.4241,0.0,28.6323,27.4902,0.0,,,,,,,,,,,
LINE,Muebles objetos y demas,28.6103,27.4936,0.0,28.5542,27.438,0.0,,,,,,,,,,,
LINE,Muebles objetos y demas,28.6288,27.5179,0.0,28.6463,27.5911,0.0,,,,,,,,,,,
LINE,Muebles objetos y demas,28.6387,27.5031,0.0,28.7224,27.5151,0.0,,,,,,,,,,,
CIRCLE,Muebles objetos y demas,,,,,,,28.9244,27.5033,0.08,,,,,,,,
CIRCLE,Muebles objetos y demas,,,,,,,28.923,27.5031,0.0159,,,,,,,,
LINE,Muebles objetos y demas,28.9102,27.5124,0.0,28.8419,27.5567,0.0,,,,,,,,,,,
LINE,Muebles objetos y demas,28.9729,27.4241,0.0,28.9323,27.4902,0.0,,,,,,,,,,,
LINE,Muebles objetos y demas,28.9103,27.4936,0.0,28.8542,27.438,0.0,,,,,,,,,,,
LINE,Muebles objetos y demas,28.9288,27.5179,0.0,28.9463,27.5911,0.0,,,,,,,,,,,
LINE,Muebles objetos y demas,28.9388,27.5031,0.0,29.0224,27.5151,0.0,,,,,,,,,,,
CIRCLE,Muebles objetos y demas,,,,,,,28.6243,27.241,0.08,,,,,,,,
CIRCLE,Muebles objetos y demas,,,,,,,28.623,27.2408,0.0159,,,,,,,,
LINE,Muebles objetos y demas,28.6101,27.2502,0.0,28.5418,27.2944,0.0,,,,,,,,,,,
LINE,Muebles objetos y demas,28.6729,27.1618,0.0,28.6323,27.228,0.0,,,,,,,,,,,
LINE,Muebles objetos y demas,28.6103,27.2313,0.0,28.5542,27.1757,0.0,,,,,,,,,,,
LINE,Muebles objetos y demas,28.6288,27.2556,0.0,28.6463,27.3288,0.0,,,,,,,,,,,
LINE,Muebles objetos y demas,28.6387,27.2408,0.0,28.7224,27.2528,0.0,,,,,,,,,,,
CIRCLE,Muebles objetos y demas,,,,,,,28.931,27.241,0.08,,,,,,,,
CIRCLE,Muebles objetos y demas,,,,,,,28.9297,27.2408,0.0159,,,,,,,,
LINE,Muebles objetos y demas,28.9168,27.2502,0.0,28.8485,27.2944,0.0,,,,,,,,,,,
LINE,Muebles objetos y demas,28.9795,27.1618,0.0,28.9389,27.228,0.0,,,,,,,,,,,
LINE,Muebles objetos y demas,28.9169,27.2313,0.0,28.8609,27.1757,0.0,,,,,,,,,,,
LINE,Muebles objetos y demas,28.9354,27.2556,0.0,28.953,27.3288,0.0,,,,,,,,,,,
LINE,Muebles objetos y demas,28.9454,27.2408,0.0,29.029,27.2528,0.0,,,,,,,,,,,
LWPOLYLINE,Muebles objetos y demas,,,,,,,,,,"[[30.5447, 27.4601], [30.9902, 27.4601], [30.9902, 27.0888], [30.5447, 27.0888]]",4.0,True,,,,,
LINE,Muebles objetos y demas,30.4718,27.5538,0.0,31.0718,27.5538,0.0,,,,,,,,,,,
LINE,Muebles objetos y demas,29.9221,27.4239,0.0,29.9987,27.4239,0.0,,,,,,,,,,,
LINE,Muebles objetos y demas,30.036,27.4239,0.0,30.2436,27.4239,0.0,,,,,,,,,,,
LINE,Muebles objetos y demas,29.8945,27.1545,0.0,29.8942,27.3952,0.0,,,,,,,,,,,
LINE,Muebles objetos y demas,30.2682,27.3992,0.0,30.2683,27.1584,0.0,,,,,,,,,,,
LINE,Muebles objetos y demas,30.2427,27.1298,0.0,29.9238,27.1294,0.0,,,,,,,,,,,
ARC,Muebles objetos y demas,,,,,,,29.9238,27.3944,0.0296,,,,86.6255,181.6453,,,
ARC,Muebles objetos y demas,,,,,,,30.2376,27.3933,0.0312,,,,10.8121,78.8538,,,
ARC,Muebles objetos y demas,,,,,,,30.239,27.1588,0.0293,,,,277.3181,359.2692,,,
ARC,Muebles objetos y demas,,,,,,,29.9238,27.159,0.0297,,,,188.8909,272.3159,,,
LINE,Muebles objetos y demas,30.0831,27.4239,0.0,30.0834,27.1296,0.0,,,,,,,,,,,
ARC,Muebles objetos y demas,,,,,,,30.069,27.4569,0.033,,,,235.833,198.797,,,
LINE,Muebles objetos y demas,30.0378,27.4463,0.0,30.0598,27.4509,0.0,,,,,,,,,,,
LINE,Muebles objetos y demas,30.0602,27.4334,0.0,29.9892,27.4056,0.0,,,,,,,,,,,
LINE,Muebles objetos y demas,29.9832,27.4151,0.0,30.0378,27.4463,0.0,,,,,,,,,,,
LINE,Muebles objetos y demas,30.0598,27.4509,0.0,30.0598,27.4333,0.0,,,,,,,,,,,
CIRCLE,Muebles objetos y demas,,,,,,,29.9862,27.4103,0.0056,,,,,,,,
CIRCLE,Muebles objetos y demas,,,,,,,30.0833,27.274,0.0239,,,,,,,,
HATCH,Muebles objetos y demas,,,,,,,,,,,,,,,,,
CIRCLE,Muebles objetos y demas,,,,,,,25.6231,33.151,0.5816,,,,,,,,
HATCH,Muebles objetos y demas,,,,,,,,,,,,,,,,,
LINE,Muebles objetos y demas,25.6371,33.7137,0.0,26.056,33.1485,0.0,,,,,,,,,,,
LINE,0,25.3683,32.6996,0.0,25.906,32.6996,0.0,,,,,,,,,,,
LINE,Muebles objetos y demas,25.906,32.6996,0.0,25.906,33.1485,0.0,,,,,,,,,,,
LINE,Muebles objetos y demas,25.906,33.1485,0.0,26.056,33.1485,0.0,,,,,,,,,,,
LINE,Muebles objetos y demas,25.6371,33.7137,0.0,25.2183,33.1485,0.0,,,,,,,,,,,
LINE,Muebles objetos y demas,25.3683,32.6996,0.0,25.3683,33.1485,0.0,,,,,,,,,,,
LINE,Muebles objetos y demas,25.3683,33.1485,0.0,25.2183,33.1485,0.0,,,,,,,,,,,
LINE,Medianeras,23.7859,15.2992,0.0,34.6131,15.2975,0.0,,,,,,,,,,,
LINE,Medianeras,23.625,15.0992,0.0,34.6131,15.0975,0.0,,,,,,,,,,,
LWPOLYLINE,0,,,,,,,,,,"[[24.3919, 15.8844], [25.2331, 15.8844], [25.2331, 15.2991], [24.3919, 15.2991]]",4.0,True,,,,,
CIRCLE,0,,,,,,,24.9373,15.5925,0.8581,,,,,,,,
CIRCLE,0,,,,,,,24.7409,15.7151,0.8091,,,,,,,,
CIRCLE,0,,,,,,,24.7163,15.7151,0.9244,,,,,,,,
LINE,0,24.7409,15.7332,0.0,24.3137,16.5652,0.0,,,,,,,,,,,
LINE,0,24.7409,15.7332,0.0,23.7302,16.3557,0.0,,,,,,,,,,,
LINE,Puertas,31.0718,26.2171,0.0,30.3918,26.2171,0.0,,,,,,,,,,,
LINE,Puertas,30.3918,26.2171,0.0,30.3918,26.2671,0.0,,,,,,,,,,,
LINE,Puertas,30.3918,26.2671,0.0,31.0718,26.2671,0.0,,,,,,,,,,,
LINE,Puertas,30.4589,26.2671,0.0,30.4589,26.312,0.0,,,,,,,,,,,
LINE,0,30.4589,26.312,0.0,30.4689,26.312,0.0,,,,,,,,,,,
LINE,Puertas,30.4689,26.312,0.0,30.4689,26.2671,0.0,,,,,,,,,,,
MTEXT,0,,,,,,,,,,,,,,,"\pxt0.30226,0.81479,0.89364;DORMITORIO",24.8134,25.7416
MTEXT,0,,,,,,,,,,,,,,,^I{\H0.08x;COMEDOR},28.4718,26.6813
MTEXT,0,,,,,,,,,,,,,,,\pxt0.39753;ESTAR ,28.6501,21.0438
MTEXT,0,,,,,,,,,,,,,,,COCHERA\PDESCUBIERTA,31.6951,22.8958
MTEXT,0,,,,,,,,,,,,,,,"\pxt0.30226,0.81479,0.89364;DORMITORIO",24.8379,30.2566
MTEXT,0,,,,,,,,,,,,,,,COCINA,28.7599,26.4795
MTEXT,0,,,,,,,,,,,,,,,BAÑO,30.1116,29.0567
MTEXT,0,,,,,,,,,,,,,,,PATIO,29.2378,32.607
MTEXT,0,,,,,,,,,,,,,,,PROYECCION,26.1718,21.8711
MTEXT,0,,,,,,,,,,,,,,,ALERO,26.1713,22.685
MTEXT,0,,,,,,,,,,,,,,,"\pxr6.8039,t1,2;{\H0.04x;MURO h: 1.00m} ",21.9937,17.8626
MTEXT,0,,,,,,,,,,,,,,,"\pxr6.8039,t1,2;{\H0.04x;MURO h: 2.00m} ",21.9937,33.7023
LINE,Muebles objetos y demas,27.5718,29.8653,0.0,31.2918,29.8653,0.0,,,,,,,,,,,
LINE,Muebles objetos y demas,31.2918,29.3571,0.0,31.2918,29.8653,0.0,,,,,,,,,,,
LINE,Muebles objetos y demas,29.4378,29.8653,0.0,29.4378,29.7653,0.0,,,,,,,,,,,
LINE,Muebles objetos y demas,29.4841,29.8653,0.0,29.4841,29.9653,0.0,,,,,,,,,,,
LINE,Muebles objetos y demas,29.4194,27.8371,0.0,29.4194,28.1404,0.0,,,,,,,,,,,
LINE,Muebles objetos y demas,29.7194,27.8371,0.0,29.7194,28.1404,0.0,,,,,,,,,,,
LINE,Muebles objetos y demas,29.4194,27.8371,0.0,29.4194,28.1404,0.0,,,,,,,,,,,
LINE,Muebles objetos y demas,29.4194,27.8371,0.0,29.4194,28.1404,0.0,,,,,,,,,,,
ARC,Muebles objetos y demas,,,,,,,29.5694,28.1325,0.1502,,,,3.0218,176.9782,,,
ARC,Muebles objetos y demas,,,,,,,29.5694,28.1266,0.1208,,,,6.5682,173.4318,,,
LINE,Muebles objetos y demas,29.6894,27.8371,0.0,29.6894,28.1404,0.0,,,,,,,,,,,
LINE,Muebles objetos y demas,29.4494,27.8371,0.0,29.4494,28.1404,0.0,,,,,,,,,,,
LINE,Muebles objetos y demas,29.4494,27.913,0.0,29.6894,27.913,0.0,,,,,,,,,,,
CIRCLE,Muebles objetos y demas,,,,,,,29.5021,27.8741,0.0162,,,,,,,,
CIRCLE,Muebles objetos y demas,,,,,,,29.6319,27.8741,0.0162,,,,,,,,
CIRCLE,Muebles objetos y demas,,,,,,,29.5659,27.8463,0.0091,,,,,,,,
LINE,Muebles objetos y demas,29.5694,27.913,0.0,29.5694,28.2478,0.0,,,,,,,,,,,
LINE,Muebles objetos y demas,29.501,27.9448,0.0,29.6436,27.9448,0.0,,,,,,,,,,,
LINE,Muebles objetos y demas,30.4866,27.8371,0.0,30.4866,29.1371,0.0,,,,,,,,,,,
LINE,Muebles objetos y demas,30.2334,27.944,0.0,29.9272,27.944,0.0,,,,,,,,,,,
LINE,Muebles objetos y demas,29.9057,27.924,0.0,29.9057,27.8371,0.0,,,,,,,,,,,
ARC,Muebles objetos y demas,,,,,,,29.9306,27.9187,0.0255,,,,97.7287,167.9116,,,
LINE,Muebles objetos y demas,29.9057,27.924,0.0,29.9057,27.8371,0.0,,,,,,,,,,,
ARC,Muebles objetos y demas,,,,,,,29.9306,27.9187,0.0255,,,,97.7287,167.9116,,,
LINE,Muebles objetos y demas,30.2618,27.924,0.0,30.2618,27.8371,0.0,,,,,,,,,,,
ARC,Muebles objetos y demas,,,,,,,30.2369,27.9187,0.0255,,,,12.0884,97.7287,,,
LINE,Muebles objetos y demas,29.9254,27.9106,0.0,29.9254,27.8371,0.0,,,,,,,,,,,
ARC,Muebles objetos y demas,,,,,,,29.9405,27.9098,0.0151,,,,89.8251,176.8807,,,
LINE,Muebles objetos y demas,29.9405,27.9249,0.0,30.2268,27.9249,0.0,,,,,,,,,,,
LINE,Muebles objetos y demas,30.2418,27.9106,0.0,30.2418,27.8371,0.0,,,,,,,,,,,
ARC,Muebles objetos y demas,,,,,,,30.2267,27.9098,0.0151,,,,3.1193,90.1749,,,
LINE,Muebles objetos y demas,29.9272,27.9887,0.0,29.9272,28.294,0.0,,,,,,,,,,,
LINE,Muebles objetos y demas,30.2334,27.992,0.0,30.2334,28.294,0.0,,,,,,,,,,,
LINE,Muebles objetos y demas,29.9444,27.944,0.0,29.9272,27.9887,0.0,,,,,,,,,,,
LINE,Muebles objetos y demas,30.2132,27.944,0.0,30.2334,27.992,0.0,,,,,,,,,,,
ARC,Muebles objetos y demas,,,,,,,30.0803,28.294,0.1531,,,,0.0,180.0,,,
ARC,Muebles objetos y demas,,,,,,,30.0805,28.2974,0.1233,,,,0.6241,181.5989,,,
LINE,Muebles objetos y demas,30.2038,27.944,0.0,30.2038,28.2988,0.0,,,,,,,,,,,
LINE,Muebles objetos y demas,29.9572,27.944,0.0,29.9572,28.294,0.0,,,,,,,,,,,
ARC,Muebles objetos y demas,,,,,,,30.0808,28.1567,0.1305,,,,198.6983,340.5857,,,
CIRCLE,Muebles objetos y demas,,,,,,,29.9909,27.9866,0.0127,,,,,,,,
CIRCLE,Muebles objetos y demas,,,,,,,30.1762,27.9866,0.0127,,,,,,,,
MTEXT,0,,,,,,,,,,,,,,,MESA h: 1.00m,28.6943,25.5043
MTEXT,Muebles objetos y demas,,,,,,,,,,,,,,,N,26.4192,33.3505
LINE,Ventanas,25.7718,31.587,0.0,24.5169,31.587,0.0,,,,,,,,,,,
LINE,Muros,24.5169,31.587,0.0,24.1318,31.587,0.0,,,,,,,,,,,
LINE,Muros,24.5169,31.367,0.0,24.3518,31.367,0.0,,,,,,,,,,,
LINE,Ventanas,25.7522,23.937,0.0,24.4218,23.937,0.0,,,,,,,,,,,
LINE,Ventanas,25.7522,23.992,0.0,24.4218,23.992,0.0,,,,,,,,,,,
LINE,Muros,24.3718,24.047,0.0,24.3518,24.047,0.0,,,,,,,,,,,
LINE,Ventanas,27.5518,20.8918,0.0,27.5518,20.8418,0.0,,,,,,,,,,,
LINE,Ventanas,27.3118,20.8918,0.0,27.3118,19.5991,0.0,,,,,,,,,,,
LINE,Medianeras,24.1318,35.117,0.0,24.1318,31.587,0.0,,,,,,,,,,,
LINE,Ventanas,31.0718,29.1171,0.0,31.0718,28.6171,0.0,,,,,,,,,,,
LINE,Ventanas,31.2918,26.7871,0.0,31.2918,26.2871,0.0,,,,,,,,,,,
LINE,Muros,31.2918,26.2871,0.0,31.2918,25.3491,0.0,,,,,,,,,,,
LINE,Ventanas,29.2218,19.8191,0.0,29.2718,19.8191,0.0,,,,,,,,,,,
LINE,Muros,28.4718,25.8111,0.0,28.3518,25.8111,0.0,,,,,,,,,,,
LINE,Muros,28.4718,25.538,0.0,28.3518,25.538,0.0,,,,,,,,,,,
LINE,Ventanas,31.1641,25.2991,0.0,31.2918,25.2991,0.0,,,,,,,,,,,
LINE,Ventanas,24.4218,24.047,0.0,24.4218,23.827,0.0,,,,,,,,,,,
LINE,Ventanas,24.4218,24.047,0.0,24.3718,24.047,0.0,,,,,,,,,,,
LINE,Ventanas,25.8022,24.047,0.0,25.7522,24.047,0.0,,,,,,,,,,,
LINE,Ventanas,25.7522,24.047,0.0,25.7522,23.827,0.0,,,,,,,,,,,
LWPOLYLINE,Muebles objetos y demas,,,,,,,,,,"[[32.8855, 17.8216], [33.8095, 17.8216], [33.8095, 17.0991], [32.8855, 17.0991]]",4.0,True,,,,,
LWPOLYLINE,Muebles objetos y demas,,,,,,,,,,"[[33.8097, 17.9116], [32.8855, 17.9116], [32.8855, 18.3454], [33.8097, 18.3454]]",4.0,True,,,,,
LWPOLYLINE,Muebles objetos y demas,,,,,,,,,,"[[33.8097, 18.4354], [32.8855, 18.4354], [32.8855, 18.8692], [33.8097, 18.8692]]",4.0,True,,,,,
LWPOLYLINE,Muebles objetos y demas,,,,,,,,,,"[[33.8097, 18.9592], [32.8855, 18.9592], [32.8855, 19.393], [33.8097, 19.393]]",4.0,True,,,,,
DIMENSION,Cotas,,,,,,,,,,,,,,,,,
DIMENSION,Cotas,,,,,,,,,,,,,,,,,
DIMENSION,Cotas,,,,,,,,,,,,,,,,,
DIMENSION,Cotas,,,,,,,,,,,,,,,,,
DIMENSION,Cotas,,,,,,,,,,,,,,,,,
DIMENSION,Cotas,,,,,,,,,,,,,,,,,
DIMENSION,Cotas,,,,,,,,,,,,,,,,,
DIMENSION,Cotas,,,,,,,,,,,,,,,,,
DIMENSION,Cotas,,,,,,,,,,,,,,,,,
DIMENSION,Cotas,,,,,,,,,,,,,,,,,
DIMENSION,Cotas,,,,,,,,,,,,,,,,,
DIMENSION,Cotas,,,,,,,,,,,,,,,,,
DIMENSION,Cotas,,,,,,,,,,,,,,,,,
DIMENSION,Cotas,,,,,,,,,,,,,,,,,
DIMENSION,Cotas,,,,,,,,,,,,,,,,,
DIMENSION,Cotas,,,,,,,,,,,,,,,,,
DIMENSION,Cotas,,,,,,,,,,,,,,,,,
DIMENSION,Cotas,,,,,,,,,,,,,,,,,
DIMENSION,Cotas,,,,,,,,,,,,,,,,,
DIMENSION,Cotas,,,,,,,,,,,,,,,,,
DIMENSION,Cotas,,,,,,,,,,,,,,,,,
DIMENSION,Cotas,,,,,,,,,,,,,,,,,
DIMENSION,Cotas,,,,,,,,,,,,,,,,,
LINE,Defpoints,34.2074,35.1138,0.0,34.5972,35.1138,0.0,,,,,,,,,,,
LINE,Defpoints,34.1993,35.1138,0.0,34.2074,35.5378,0.0,,,,,,,,,,,
MTEXT,Defpoints,,,,,,,,,,,,,,,EM,34.523,35.317
MTEXT,Defpoints,,,,,,,,,,,,,,,EM,23.5059,35.317
MTEXT,Defpoints,,,,,,,,,,,,,,,EM,23.3445,17.3102
MTEXT,Defpoints,,,,,,,,,,,,,,,EM,34.4105,17.7189
MTEXT,Defpoints,,,,,,,,,,,,,,,EM,33.7671,35.8348
MTEXT,Defpoints,,,,,,,,,,,,,,,LM,34.6535,17.3612
MTEXT,Defpoints,,,,,,,,,,,,,,,LCV,34.2008,15.4939
LINE,0,43.6862,35.4234,0.0,54.1962,35.4234,0.0,,,,,,,,,,,
LINE,0,53.7962,35.0234,0.0,53.7962,17.2055,0.0,,,,,,,,,,,
LINE,0,43.6862,17.2055,0.0,43.6862,35.4234,0.0,,,,,,,,,,,
LINE,0,44.0862,35.0234,0.0,53.7962,35.0234,0.0,,,,,,,,,,,
LINE,0,54.1962,35.4234,0.0,54.1962,17.2055,0.0,,,,,,,,,,,
LINE,0,43.8862,31.6934,0.0,47.3262,31.6934,0.0,,,,,,,,,,,
LINE,0,43.8862,31.6934,0.0,43.8862,23.9334,0.0,,,,,,,,,,,
LINE,0,43.6862,23.9334,0.0,47.1062,23.9334,0.0,,,,,,,,,,,
LINE,0,44.1062,24.1534,0.0,44.1062,27.7534,0.0,,,,,,,,,,,
LINE,0,44.1062,28.4734,0.0,44.1062,31.4734,0.0,,,,,,,,,,,
LINE,0,44.1062,31.4734,0.0,45.5262,31.4734,0.0,,,,,,,,,,,
LINE,0,44.0862,35.0234,0.0,44.0862,31.6934,0.0,,,,,,,,,,,
LINE,0,44.0862,17.2055,0.0,44.0862,23.9334,0.0,,,,,,,,,,,
LINE,0,47.1062,19.7055,0.0,47.1062,29.4636,0.0,,,,,,,,,,,
LINE,0,47.1062,31.4734,0.0,47.1062,29.4636,0.0,,,,,,,,,,,
LINE,0,45.5262,31.4734,0.0,47.1062,31.4734,0.0,,,,,,,,,,,
LINE,0,43.8862,23.9334,0.0,43.8862,24.2698,0.0,,,,,,,,,,,
LINE,0,47.3262,29.4636,0.0,47.3262,31.6934,0.0,,,,,,,,,,,
LINE,0,47.3062,29.2383,0.0,47.3062,19.9255,0.0,,,,,,,,,,,
LINE,0,44.1062,28.4734,0.0,44.1062,27.7336,0.0,,,,,,,,,,,
LINE,0,47.1062,29.4636,0.0,49.6462,29.4636,0.0,,,,,,,,,,,
LINE,0,50.8462,29.4636,0.0,51.0462,29.4636,0.0,,,,,,,,,,,
LINE,0,50.8262,28.0636,0.0,50.8262,19.9255,0.0,,,,,,,,,,,
LINE,0,51.0462,28.0636,0.0,51.0462,19.9255,0.0,,,,,,,,,,,
LINE,0,51.0462,19.9255,0.0,51.0462,19.7055,0.0,,,,,,,,,,,
LINE,0,50.8262,19.9255,0.0,47.3062,19.9255,0.0,,,,,,,,,,,
LINE,0,47.3062,23.9334,0.0,47.3062,23.5334,0.0,,,,,,,,,,,
LINE,0,51.0462,19.7055,0.0,47.0862,19.7055,0.0,,,,,,,,,,,
LINE,0,47.3062,19.9255,0.0,47.3062,20.9482,0.0,,,,,,,,,,,
CIRCLE,0,,,,,,,44.5326,22.6167,0.2191,,,,,,,,
CIRCLE,0,,,,,,,44.5326,22.6478,0.2166,,,,,,,,
LINE,0,44.2721,22.6061,0.0,44.5543,22.6061,0.0,,,,,,,,,,,
LINE,0,44.5543,22.6061,0.0,44.7995,22.7336,0.0,,,,,,,,,,,
LINE,0,44.5543,22.6061,0.0,44.7861,22.492,0.0,,,,,,,,,,,
LINE,0,44.5543,22.6061,0.0,44.3057,22.7961,0.0,,,,,,,,,,,
INSERT,0,,,,,,,,,,,,,,,,,
INSERT,0,,,,,,,,,,,,,,,,,
LINE,0,47.3062,23.5334,0.0,47.3062,23.4734,0.0,,,,,,,,,,,
CIRCLE,0,,,,,,,52.8091,33.5983,0.8581,,,,,,,,
CIRCLE,0,,,,,,,52.6127,33.7209,0.8091,,,,,,,,
CIRCLE,0,,,,,,,52.5881,33.7209,0.9244,,,,,,,,
CIRCLE,0,,,,,,,53.035,32.6742,0.4626,,,,,,,,
CIRCLE,0,,,,,,,52.9291,32.7403,0.4362,,,,,,,,
CIRCLE,0,,,,,,,52.9159,32.7403,0.4984,,,,,,,,
LINE,0,52.9291,32.7403,0.0,53.3444,32.1193,0.0,,,,,,,,,,,
LINE,0,52.9291,32.7403,0.0,52.9291,32.3041,0.0,,,,,,,,,,,
LINE,0,52.6127,33.7209,0.0,53.6716,34.3285,0.0,,,,,,,,,,,
LINE,0,52.6127,33.7209,0.0,51.602,34.3435,0.0,,,,,,,,,,,
LINE,0,51.0462,25.5055,0.0,53.7962,25.5055,0.0,,,,,,,,,,,
LINE,0,43.8862,35.2234,0.0,43.8862,14.4109,0.0,,,,,,,,,,,
LINE,0,53.9948,14.5903,0.0,54.0017,35.2202,0.0,,,,,,,,,,,
LINE,0,43.8862,35.2234,0.0,54.0017,35.2202,0.0,,,,,,,,,,,
HATCH,0,,,,,,,,,,,,,,,,,
CIRCLE,0,,,,,,,45.3775,33.2575,0.5816,,,,,,,,
HATCH,0,,,,,,,,,,,,,,,,,
LINE,0,45.3915,33.8201,0.0,45.8104,33.2549,0.0,,,,,,,,,,,
LINE,0,45.1227,32.806,0.0,45.6604,32.806,0.0,,,,,,,,,,,
LINE,0,45.6604,32.806,0.0,45.6604,33.2549,0.0,,,,,,,,,,,
LINE,0,45.6604,33.2549,0.0,45.8104,33.2549,0.0,,,,,,,,,,,
LINE,0,45.3915,33.8201,0.0,44.9727,33.2549,0.0,,,,,,,,,,,
LINE,0,45.1227,32.806,0.0,45.1227,33.2549,0.0,,,,,,,,,,,
LINE,0,45.1227,33.2549,0.0,44.9727,33.2549,0.0,,,,,,,,,,,
LINE,0,43.5403,15.4056,0.0,54.7643,15.4039,0.0,,,,,,,,,,,
LINE,0,43.5467,15.2056,0.0,54.7643,15.2039,0.0,,,,,,,,,,,
LWPOLYLINE,0,,,,,,,,,,"[[44.1463, 15.9909], [44.9875, 15.9909], [44.9875, 15.4055], [44.1463, 15.4055]]",4.0,True,,,,,
CIRCLE,0,,,,,,,44.6917,15.6989,0.8581,,,,,,,,
CIRCLE,0,,,,,,,44.4953,15.8215,0.8091,,,,,,,,
CIRCLE,0,,,,,,,44.4707,15.8215,0.9244,,,,,,,,
LINE,0,44.4953,15.8215,0.0,44.0681,16.6536,0.0,,,,,,,,,,,
LINE,0,44.4953,15.8215,0.0,43.4845,16.4441,0.0,,,,,,,,,,,
MTEXT,0,,,,,,,,,,,,,,,PATIO,48.9922,32.7134
MTEXT,0,,,,,,,,,,,,,,,"\pxr6.8039,t1,2;{\H0.04x;MURO h: 1.00m} ",41.7481,17.969
MTEXT,0,,,,,,,,,,,,,,,"\pxr6.8039,t1,2;{\H0.04x;MURO h: 2.00m} ",41.7481,33.8088
MTEXT,0,,,,,,,,,,,,,,,"\pxr6.8039,t1,2;{\H0.04x;MURO h: 2.00m} ",51.2944,30.0117
MTEXT,0,,,,,,,,,,,,,,,N,46.1736,33.457
LINE,0,44.1062,24.1534,0.0,47.1062,24.1534,0.0,,,,,,,,,,,
LINE,0,47.3062,29.2383,0.0,49.6462,29.2383,0.0,,,,,,,,,,,
MTEXT,0,,,,,,,,,,,,,,,MURO h: 0.20m,44.7035,31.4734
MTEXT,0,,,,,,,,,,,,,,,MURO h: 0.60m,47.6326,29.2383
MTEXT,0,,,,,,,,,,,,,,,MURO h: 0.20m,44.1062,26.915
MTEXT,0,,,,,,,,,,,,,,,MURO h: 0.20m,44.8158,24.2647
MTEXT,0,,,,,,,,,,,,,,,MURO h: 0.60m,47.326,22.4253
MTEXT,0,,,,,,,,,,,,,,,MURO h: 0.60m,50.7434,24.0827
MTEXT,0,,,,,,,,,,,,,,,MURO h: 0.60m,49.0767,20.0248
LINE,0,51.0462,29.4636,0.0,49.6462,29.4636,0.0,,,,,,,,,,,
LINE,0,49.6462,29.4636,0.0,49.6462,28.0636,0.0,,,,,,,,,,,
LINE,0,49.6462,28.0636,0.0,51.0462,28.0636,0.0,,,,,,,,,,,
LINE,0,51.0462,28.0636,0.0,51.0462,29.4636,0.0,,,,,,,,,,,
LWPOLYLINE,0,,,,,,,,,,"[[49.7744, 29.3317], [50.9308, 29.3317], [50.9308, 28.1841], [49.7744, 28.1841]]",4.0,True,,,,,
CIRCLE,0,,,,,,,50.4628,28.8753,0.3904,,,,,,,,
CIRCLE,0,,,,,,,50.4595,28.8748,0.199,,,,,,,,
CIRCLE,0,,,,,,,50.4595,28.8748,0.199,,,,,,,,
CIRCLE,0,,,,,,,50.4595,28.8748,0.1282,,,,,,,,
MTEXT,0,,,,,,,,,,,,,,,    AZOTEA\PINACCESIBLE,44.7476,28.0762
MTEXT,0,,,,,,,,,,,,,,,    AZOTEA\PINACCESIBLE,48.2434,24.4707
MTEXT,0,,,,,,,,,,,,,,,Tanque de Reserva \P   cap. 1000 lts.,49.3001,27.792
LINE,0,49.3001,27.5561,0.0,50.6724,27.5561,0.0,,,,,,,,,,,
LINE,0,50.6724,27.5561,0.0,50.6724,28.0636,0.0,,,,,,,,,,,
LINE,0,29.5924,38.5565,0.0,32.919,38.3104,0.0,,,,,,,,,,,
LINE,0,32.919,38.3104,0.0,32.919,38.3604,0.0,,,,,,,,,,,
LWPOLYLINE,0,,,,,,,,,,"[[32.919, 38.3604], [34.919, 38.2904]]",2.0,False,,,,,
LWPOLYLINE,0,,,,,,,,,,"[[34.919, 38.2904], [34.919, 38.3604]]",2.0,False,,,,,
LINE,0,47.059,38.2804,0.0,47.5672,38.2804,0.0,,,,,,,,,,,
LINE,0,53.0886,38.0104,0.0,53.4738,38.0104,0.0,,,,,,,,,,,
LINE,0,32.919,38.3104,0.0,32.919,44.9767,0.0,,,,,,,,,,,
LINE,0,34.919,38.3604,0.0,34.919,44.9767,0.0,,,,,,,,,,,
LINE,0,53.0886,38.1604,0.0,53.0886,40.1604,0.0,,,,,,,,,,,
LINE,0,52.6886,40.1604,0.0,52.6886,38.1604,0.0,,,,,,,,,,,
LINE,0,52.8886,44.9656,0.0,52.8886,38.1604,0.0,,,,,,,,,,,
LWPOLYLINE,0,,,,,,,,,,"[[47.059, 38.3604], [47.059, 38.2804]]",2.0,False,,,,,
LINE,0,37.419,38.3604,0.0,45.339,38.3604,0.0,,,,,,,,,,,
LINE,0,47.5672,38.1604,0.0,53.0886,38.1604,0.0,,,,,,,,,,,
LINE,0,52.6886,40.1604,0.0,53.0886,40.1604,0.0,,,,,,,,,,,
LWPOLYLINE,0,,,,,,,,,,"[[34.919, 38.3604], [37.419, 38.3604]]",2.0,False,,,,,
LINE,0,37.419,38.3604,0.0,37.419,40.8604,0.0,,,,,,,,,,,
LINE,0,37.419,40.8604,0.0,37.419,41.0604,0.0,,,,,,,,,,,
LINE,0,37.419,41.0604,0.0,37.419,41.6604,0.0,,,,,,,,,,,
LINE,0,37.419,41.6604,0.0,37.639,41.6604,0.0,,,,,,,,,,,
LINE,0,37.639,41.6604,0.0,37.639,41.0604,0.0,,,,,,,,,,,
LINE,0,37.639,41.0604,0.0,45.339,41.0604,0.0,,,,,,,,,,,
LINE,0,37.639,40.8604,0.0,45.339,40.8604,0.0,,,,,,,,,,,
LINE,0,37.639,40.8604,0.0,37.639,38.3604,0.0,,,,,,,,,,,
LINE,0,45.339,40.8604,0.0,45.339,38.3604,0.0,,,,,,,,,,,
LINE,0,45.539,38.3604,0.0,45.539,40.8604,0.0,,,,,,,,,,,
LINE,0,45.539,40.8604,0.0,46.839,40.8604,0.0,,,,,,,,,,,
LINE,0,46.839,40.8604,0.0,46.839,38.3604,0.0,,,,,,,,,,,
LINE,0,45.339,41.0604,0.0,45.339,43.8104,0.0,,,,,,,,,,,
LINE,0,45.339,43.8104,0.0,45.459,43.8104,0.0,,,,,,,,,,,
LINE,0,45.459,43.8104,0.0,45.459,42.7604,0.0,,,,,,,,,,,
LINE,0,45.459,42.6404,0.0,46.839,42.6404,0.0,,,,,,,,,,,
LINE,0,45.339,38.3604,0.0,47.059,38.3604,0.0,,,,,,,,,,,
LINE,0,47.059,38.3604,0.0,47.059,43.8104,0.0,,,,,,,,,,,
LINE,0,47.059,43.8104,0.0,46.839,43.8104,0.0,,,,,,,,,,,
LINE,0,46.839,43.8104,0.0,46.839,42.7604,0.0,,,,,,,,,,,
LINE,0,45.459,42.7604,0.0,46.839,42.7604,0.0,,,,,,,,,,,
LINE,0,46.839,42.6404,0.0,46.839,41.0604,0.0,,,,,,,,,,,
LINE,0,46.839,41.0604,0.0,45.459,41.0604,0.0,,,,,,,,,,,
LINE,0,45.459,41.0604,0.0,45.459,42.6404,0.0,,,,,,,,,,,
LINE,0,45.459,43.8104,0.0,46.839,43.8104,0.0,,,,,,,,,,,
INSERT,0,,,,,,,,,,,,,,,,,
LINE,0,37.639,38.7012,0.0,38.7117,38.7012,0.0,,,,,,,,,,,
LINE,0,38.7117,38.7012,0.0,38.7117,40.2012,0.0,,,,,,,,,,,
LINE,0,38.7117,40.2012,0.0,37.639,40.2012,0.0,,,,,,,,,,,
LWPOLYLINE,0,,,,,,,,,,"[[38.6617, 38.7512], [37.689, 38.7512], [37.689, 39.1999], [38.6617, 39.1999]]",4.0,True,,,,,
LINE,0,38.7117,39.2499,0.0,37.639,39.2499,0.0,,,,,,,,,,,
LWPOLYLINE,0,,,,,,,,,,"[[37.689, 40.1512], [38.6617, 40.1512], [38.6617, 39.2999], [37.689, 39.2999]]",4.0,True,,,,,
LWPOLYLINE,0,,,,,,,,,,"[[37.669, 40.1656], [38.6817, 40.1656], [38.6817, 39.2743], [37.669, 39.2743]]",4.0,True,,,,,
LWPOLYLINE,0,,,,,,,,,,"[[38.6801, 38.7302], [37.6675, 38.7319], [37.6691, 39.2204], [38.6817, 39.2187]]",4.0,True,,,,,
LINE,0,38.6817,39.2171,0.0,37.6691,39.2204,0.0,,,,,,,,,,,
LINE,0,40.3508,38.3604,0.0,40.3508,40.3604,0.0,,,,,,,,,,,
LINE,0,40.3508,40.3604,0.0,41.2508,40.3604,0.0,,,,,,,,,,,
LINE,0,41.2508,40.3604,0.0,41.2508,38.3604,0.0,,,,,,,,,,,
LINE,0,40.4008,38.3604,0.0,40.4008,40.3104,0.0,,,,,,,,,,,
LINE,0,40.4008,40.3104,0.0,41.2008,40.3104,0.0,,,,,,,,,,,
LINE,0,41.2008,40.3104,0.0,41.2008,38.3604,0.0,,,,,,,,,,,
LINE,0,40.3809,38.3604,0.0,40.3812,40.3304,0.0,,,,,,,,,,,
LINE,0,40.3812,40.3304,0.0,41.2209,40.3304,0.0,,,,,,,,,,,
LINE,0,41.2209,40.3304,0.0,41.2209,38.3604,0.0,,,,,,,,,,,
LINE,0,41.2008,39.3554,0.0,41.2008,39.3554,0.0,,,,,,,,,,,
LINE,0,40.4008,40.3104,0.0,41.2008,39.3604,0.0,,,,,,,,,,,
LINE,0,41.2008,39.3604,0.0,40.4008,38.3604,0.0,,,,,,,,,,,
LWPOLYLINE,0,,,,,,,,,,"[[45.6378, 43.7229], [46.6836, 43.7243], [46.6836, 42.7604], [45.6378, 42.759]]",4.0,True,,,,,
LINE,0,43.5121,38.3604,0.0,43.5121,39.2945,0.0,,,,,,,,,,,
LINE,0,43.5121,39.3604,0.0,43.239,39.3604,0.0,,,,,,,,,,,
LINE,0,43.5121,39.3604,0.0,43.5121,39.3604,0.0,,,,,,,,,,,
LINE,0,43.239,40.8604,0.0,43.239,38.3604,0.0,,,,,,,,,,,
LINE,0,43.239,39.2975,0.0,43.5121,39.2975,0.0,,,,,,,,,,,
LINE,0,43.5121,39.3604,0.0,43.5121,39.2975,0.0,,,,,,,,,,,
SPLINE,0,,,,,,,,,,,,,,,,,
LINE,0,43.2682,39.2836,0.0,43.4928,39.2835,0.0,,,,,,,,,,,
LINE,0,43.4136,39.2836,0.0,43.4136,38.3604,0.0,,,,,,,,,,,
LINE,0,43.4949,39.2817,0.0,43.4949,38.3604,0.0,,,,,,,,,,,
SPLINE,0,,,,,,,,,,,,,,,,,
LINE,0,43.5121,38.3604,0.0,43.5121,40.3604,0.0,,,,,,,,,,,
LINE,0,43.5121,40.3604,0.0,44.3822,40.3604,0.0,,,,,,,,,,,
LINE,0,44.3822,40.3604,0.0,44.3822,38.3604,0.0,,,,,,,,,,,
LINE,0,44.7468,39.1498,0.0,45.339,39.1498,0.0,,,,,,,,,,,
LINE,0,45.339,38.3604,0.0,45.339,39.1604,0.0,,,,,,,,,,,
LINE,0,44.7468,39.1498,0.0,44.7468,39.1804,0.0,,,,,,,,,,,
LINE,0,44.7468,39.1804,0.0,45.339,39.1804,0.0,,,,,,,,,,,
LINE,0,45.339,39.1186,0.0,44.7568,39.1186,0.0,,,,,,,,,,,
LINE,0,44.7568,39.1498,0.0,44.7568,38.3604,0.0,,,,,,,,,,,
LINE,0,44.7468,39.9804,0.0,45.339,39.9804,0.0,,,,,,,,,,,
LINE,0,44.7468,39.9804,0.0,44.7468,40.1804,0.0,,,,,,,,,,,
LINE,0,44.7468,40.1804,0.0,45.339,40.1804,0.0,,,,,,,,,,,
LINE,0,44.7468,39.9804,0.0,44.7468,40.0204,0.0,,,,,,,,,,,
LINE,0,44.7468,40.0204,0.0,45.339,40.0204,0.0,,,,,,,,,,,
LINE,0,46.839,40.3604,0.0,45.539,40.3604,0.0,,,,,,,,,,,
LINE,0,46.839,40.4104,0.0,45.539,40.4104,0.0,,,,,,,,,,,
LINE,0,46.0916,40.3604,0.0,46.839,40.3604,0.0,,,,,,,,,,,
LINE,0,46.0916,40.3604,0.0,46.0916,38.3604,0.0,,,,,,,,,,,
LINE,0,46.1416,40.3104,0.0,46.789,40.3104,0.0,,,,,,,,,,,
LINE,0,46.789,40.3104,0.0,46.789,38.3604,0.0,,,,,,,,,,,
LINE,0,46.1416,40.3104,0.0,46.1416,38.3604,0.0,,,,,,,,,,,
LINE,0,45.539,39.1804,0.0,46.0916,39.1804,0.0,,,,,,,,,,,
LINE,0,45.539,39.2804,0.0,46.0916,39.2804,0.0,,,,,,,,,,,
LINE,0,46.789,40.3104,0.0,46.1416,39.3579,0.0,,,,,,,,,,,
LINE,0,46.1416,39.3579,0.0,46.7627,38.3604,0.0,,,,,,,,,,,
LINE,0,37.639,41.6604,0.0,45.339,41.6604,0.0,,,,,,,,,,,
LINE,0,36.8121,39.7672,0.0,37.168,40.916,0.0,,,,,,,,,,,
LINE,0,36.6808,39.7085,0.0,36.6808,38.3604,0.0,,,,,,,,,,,
LINE,0,36.8121,39.7672,0.0,36.7489,38.3604,0.0,,,,,,,,,,,
LINE,0,36.8745,41.1086,0.0,36.681,39.7081,0.0,,,,,,,,,,,
LINE,0,36.6808,39.7085,0.0,36.1765,40.8508,0.0,,,,,,,,,,,
CIRCLE,0,,,,,,,36.9055,40.8517,0.4679,,,,,,,,
CIRCLE,0,,,,,,,36.9311,40.0183,0.3701,,,,,,,,
CIRCLE,0,,,,,,,36.3387,40.3679,0.4001,,,,,,,,
INSERT,0,,,,,,,,,,,,,,,,,
INSERT,0,,,,,,,,,,,,,,,,,
INSERT,0,,,,,,,,,,,,,,,,,
LINE,0,33.3773,38.2997,0.0,33.5857,43.6193,0.0,,,,,,,,,,,
CIRCLE,0,,,,,,,33.5454,42.4157,0.8581,,,,,,,,
CIRCLE,0,,,,,,,33.3245,42.5383,0.9244,,,,,,,,
CIRCLE,0,,,,,,,33.6139,40.9531,0.8581,,,,,,,,
CIRCLE,0,,,,,,,32.5974,41.4453,0.7505,,,,,,,,
LINE,0,33.5244,38.3443,0.0,33.6819,40.3588,0.0,,,,,,,,,,,
LINE,0,33.6819,40.3588,0.0,34.5705,41.6978,0.0,,,,,,,,,,,
LINE,0,33.4892,40.6769,0.0,32.1679,43.7485,0.0,,,,,,,,,,,
INSERT,0,,,,,,,,,,,,,,,,,
INSERT,0,,,,,,,,,,,,,,,,,
LINE,0,47.5672,38.2804,0.0,47.5672,38.1604,0.0,,,,,,,,,,,
LINE,0,53.0886,38.1604,0.0,53.0886,38.0104,0.0,,,,,,,,,,,
LINE,0,61.8064,38.6487,0.0,62.0064,38.6487,0.0,,,,,,,,,,,
LINE,0,62.0064,38.6487,0.0,62.0064,38.7987,0.0,,,,,,,,,,,
HATCH,0,,,,,,,,,,,,,,,,,
LINE,0,62.0064,38.7987,0.0,69.1664,38.7987,0.0,,,,,,,,,,,
LINE,0,69.1664,38.7987,0.0,69.1664,38.7187,0.0,,,,,,,,,,,
LINE,0,69.1664,38.7187,0.0,71.9164,38.7187,0.0,,,,,,,,,,,
LINE,0,71.9164,38.7187,0.0,71.9164,38.7987,0.0,,,,,,,,,,,
LINE,0,71.9164,38.7987,0.0,72.6235,38.7987,0.0,,,,,,,,,,,
LINE,0,62.0064,38.7987,0.0,62.0064,41.6987,0.0,,,,,,,,,,,
LINE,0,62.0064,41.6987,0.0,62.2264,41.6987,0.0,,,,,,,,,,,
LINE,0,62.2264,41.6987,0.0,62.2264,41.4987,0.0,,,,,,,,,,,
LINE,0,62.2264,41.4987,0.0,65.2064,41.4987,0.0,,,,,,,,,,,
LINE,0,62.2264,41.2987,0.0,65.2264,41.2987,0.0,,,,,,,,,,,
LINE,0,62.2264,41.2987,0.0,62.2264,38.7987,0.0,,,,,,,,,,,
LINE,0,65.2264,41.2987,0.0,65.2264,38.7987,0.0,,,,,,,,,,,
LINE,0,65.4264,41.2987,0.0,65.4264,38.7987,0.0,,,,,,,,,,,
LINE,0,65.4264,41.4987,0.0,65.4264,42.0987,0.0,,,,,,,,,,,
LINE,0,65.4264,42.0987,0.0,65.2064,42.0987,0.0,,,,,,,,,,,
LINE,0,65.2064,42.0987,0.0,65.2064,41.4987,0.0,,,,,,,,,,,
LINE,0,65.4264,41.2987,0.0,66.2264,41.2987,0.0,,,,,,,,,,,
LINE,0,66.2264,41.2987,0.0,66.2264,40.7987,0.0,,,,,,,,,,,
LINE,0,66.2264,40.7987,0.0,66.3464,40.7987,0.0,,,,,,,,,,,
LINE,0,66.3464,40.7987,0.0,66.3464,41.3062,0.0,,,,,,,,,,,
LINE,0,66.3464,41.3062,0.0,68.9464,41.3062,0.0,,,,,,,,,,,
LINE,0,69.1664,42.0987,0.0,69.1664,38.7987,0.0,,,,,,,,,,,
LINE,0,65.4264,41.4987,0.0,68.9464,41.4987,0.0,,,,,,,,,,,
LINE,0,68.9464,41.4987,0.0,68.9464,42.0987,0.0,,,,,,,,,,,
LINE,0,68.9464,42.0987,0.0,69.1664,42.0987,0.0,,,,,,,,,,,
LINE,0,68.9464,38.7987,0.0,68.9464,39.6487,0.0,,,,,,,,,,,
LINE,0,68.9464,40.6487,0.0,68.9464,39.6487,0.0,,,,,,,,,,,
LINE,0,68.9464,41.3062,0.0,68.9464,40.6487,0.0,,,,,,,,,,,
LINE,0,68.9464,40.6487,0.0,69.1664,40.6487,0.0,,,,,,,,,,,
LINE,0,68.9464,39.6487,0.0,69.1664,39.6487,0.0,,,,,,,,,,,
LINE,0,64.3496,41.2987,0.0,64.3496,38.7987,0.0,,,,,,,,,,,
LINE,0,64.2296,38.7987,0.0,64.2296,41.2987,0.0,,,,,,,,,,,
LINE,0,64.2296,39.4326,0.0,64.2296,39.3826,0.0,,,,,,,,,,,
LINE,0,62.2764,41.2487,0.0,64.1796,41.2487,0.0,,,,,,,,,,,
LINE,0,64.1796,41.2487,0.0,64.1796,38.7987,0.0,,,,,,,,,,,
LINE,0,62.2764,41.2487,0.0,62.2764,38.7987,0.0,,,,,,,,,,,
LINE,0,62.3264,41.1987,0.0,64.1296,41.1987,0.0,,,,,,,,,,,
LINE,0,64.1296,41.1987,0.0,64.1296,38.7987,0.0,,,,,,,,,,,
LINE,0,62.3264,41.1987,0.0,62.3264,38.7987,0.0,,,,,,,,,,,
LINE,0,63.2319,41.1987,0.0,63.2319,38.7987,0.0,,,,,,,,,,,
LINE,0,62.3264,40.8537,0.0,64.1296,40.8537,0.0,,,,,,,,,,,
LINE,0,65.4764,40.7487,0.0,66.1764,40.7487,0.0,,,,,,,,,,,
LINE,0,66.1764,40.7487,0.0,66.1764,38.7987,0.0,,,,,,,,,,,
LINE,0,65.4764,40.7487,0.0,65.4764,38.8058,0.0,,,,,,,,,,,
LINE,0,66.1764,40.7487,0.0,65.4769,39.805,0.0,,,,,,,,,,,
LINE,0,65.4764,39.8058,0.0,66.1764,38.7987,0.0,,,,,,,,,,,
LINE,0,66.2264,40.7987,0.0,66.2264,38.7987,0.0,,,,,,,,,,,
LINE,0,66.2264,40.7987,0.0,65.4264,40.7987,0.0,,,,,,,,,,,
LINE,0,66.3464,40.7987,0.0,66.3464,38.7987,0.0,,,,,,,,,,,
LINE,0,70.7898,40.9115,0.0,70.9051,44.0434,0.0,,,,,,,,,,,
CIRCLE,0,,,,,,,70.8648,42.8397,0.8581,,,,,,,,
CIRCLE,0,,,,,,,70.6439,42.9623,0.9244,,,,,,,,
CIRCLE,0,,,,,,,70.9333,41.3772,0.8581,,,,,,,,
CIRCLE,0,,,,,,,69.9168,41.8693,0.7505,,,,,,,,
LINE,0,70.865,38.7043,0.0,71.0013,40.7828,0.0,,,,,,,,,,,
LINE,0,71.0013,40.7828,0.0,71.8899,42.1218,0.0,,,,,,,,,,,
LINE,0,70.7977,41.1263,0.0,69.4873,44.1725,0.0,,,,,,,,,,,
LINE,0,69.0564,40.6487,0.0,69.0564,39.6487,0.0,,,,,,,,,,,
LINE,0,69.0014,40.6487,0.0,69.0014,39.6487,0.0,,,,,,,,,,,
LINE,0,71.9164,38.7987,0.0,71.9164,40.7987,0.0,,,,,,,,,,,
LINE,0,71.9164,40.7987,0.0,72.3164,40.7987,0.0,,,,,,,,,,,
LINE,0,72.3164,40.7987,0.0,72.3164,38.7987,0.0,,,,,,,,,,,
LINE,0,72.1164,45.6039,0.0,72.1164,38.7987,0.0,,,,,,,,,,,
INSERT,0,,,,,,,,,,,,,,,,,
INSERT,0,,,,,,,,,,,,,,,,,
LINE,0,67.4489,42.0987,0.0,67.4489,44.2487,0.0,,,,,,,,,,,
LINE,0,67.4489,44.2487,0.0,69.1664,44.2487,0.0,,,,,,,,,,,
LINE,0,65.4264,42.0987,0.0,67.4489,42.0987,0.0,,,,,,,,,,,
LINE,0,69.1664,42.0987,0.0,69.1664,44.2487,0.0,,,,,,,,,,,
LINE,0,62.2264,41.6987,0.0,65.2064,41.6987,0.0,,,,,,,,,,,
HATCH,0,,,,,,,,,,,,,,,,,
LINE,0,66.3464,39.6187,0.0,68.3473,39.6187,0.0,,,,,,,,,,,
LINE,0,68.3644,39.6187,0.0,68.9464,39.6187,0.0,,,,,,,,,,,
LINE,0,66.943,39.6187,0.0,66.943,38.7987,0.0,,,,,,,,,,,
LINE,0,68.3473,39.6187,0.0,68.3473,38.7987,0.0,,,,,,,,,,,
LINE,0,66.943,39.5187,0.0,68.3473,39.5187,0.0,,,,,,,,,,,
LINE,0,66.943,39.5687,0.0,68.3473,39.5687,0.0,,,,,,,,,,,
LINE,0,68.3644,39.5687,0.0,68.9464,39.5687,0.0,,,,,,,,,,,
ARC,0,,,,,,,68.6507,38.7083,0.8945,,,,76.7727,103.2273,,,
LINE,0,68.8554,39.5791,0.0,68.8554,39.5687,0.0,,,,,,,,,,,
LINE,0,68.446,39.5791,0.0,68.446,39.5687,0.0,,,,,,,,,,,
CIRCLE,0,,,,,,,68.6382,39.2613,0.1785,,,,,,,,
CIRCLE,0,,,,,,,68.6382,39.2613,0.2089,,,,,,,,
LINE,0,68.3644,38.9636,0.0,68.9464,38.9636,0.0,,,,,,,,,,,
LINE,0,68.3644,39.6187,0.0,68.3644,38.9636,0.0,,,,,,,,,,,
LINE,0,68.3644,38.9636,0.0,68.3644,38.7987,0.0,,,,,,,,,,,
LINE,0,66.943,39.6187,0.0,66.943,39.7187,0.0,,,,,,,,,,,
LINE,0,66.943,39.7187,0.0,66.3464,39.7187,0.0,,,,,,,,,,,
ARC,0,,,,,,,66.6409,38.1546,1.4886,,,,82.0967,97.9033,,,
LINE,0,66.8456,39.6291,0.0,66.8456,39.6187,0.0,,,,,,,,,,,
LINE,0,66.4362,39.6291,0.0,66.4362,39.6187,0.0,,,,,,,,,,,
LINE,0,66.3464,39.4685,0.0,66.943,39.4685,0.0,,,,,,,,,,,
CIRCLE,0,,,,,,,66.4157,39.5365,0.0324,,,,,,,,
CIRCLE,0,,,,,,,66.5085,39.5351,0.0324,,,,,,,,
CIRCLE,0,,,,,,,66.5993,39.5348,0.0324,,,,,,,,
CIRCLE,0,,,,,,,66.8978,39.5348,0.0324,,,,,,,,
CIRCLE,0,,,,,,,66.8106,39.5348,0.0324,,,,,,,,
LWPOLYLINE,0,,,,,,,,,,"[[66.4405, 39.4361], [66.8618, 39.4361], [66.8618, 39.4028], [66.4405, 39.4028]]",4.0,True,,,,,
LWPOLYLINE,0,,,,,,,,,,"[[66.4405, 39.3483], [66.8618, 39.3483], [66.8618, 39.1001], [66.4405, 39.1001]]",4.0,True,,,,,
LINE,0,66.4416,39.3773,0.0,66.8583,39.3773,0.0,,,,,,,,,,,
LINE,0,66.943,39.026,0.0,66.3464,39.026,0.0,,,,,,,,,,,
LWPOLYLINE,0,,,,,,,,,,"[[66.4301, 38.9828], [66.8873, 38.9828], [66.8873, 38.9492], [66.4301, 38.9492]]",4.0,True,,,,,
LINE,0,67.6452,39.5187,0.0,67.6452,38.7987,0.0,,,,,,,,,,,
LINE,0,67.9963,39.5187,0.0,67.9963,38.7987,0.0,,,,,,,,,,,
LINE,0,67.2941,39.5187,0.0,67.2941,38.7987,0.0,,,,,,,,,,,
LINE,0,70.7898,40.9115,0.0,70.7941,38.7918,0.0,,,,,,,,,,,
LINE,0,66.3464,40.5187,0.0,66.9386,40.5187,0.0,,,,,,,,,,,
LINE,0,66.3464,40.7187,0.0,66.9386,40.7187,0.0,,,,,,,,,,,
LINE,0,66.3464,40.5587,0.0,66.9386,40.5587,0.0,,,,,,,,,,,
LINE,0,66.9386,40.7187,0.0,66.9386,40.5187,0.0,,,,,,,,,,,
LINE,0,62.0064,45.6039,0.0,62.0064,38.7987,0.0,,,,,,,,,,,
LINE,0,61.1684,27.9079,0.0,73.6694,27.9079,0.0,,,,,,,,,,,
LINE,0,62.2047,27.9079,0.0,62.2047,28.9079,0.0,,,,,,,,,,,
LINE,0,61.8047,28.9079,0.0,61.8047,27.9079,0.0,,,,,,,,,,,
LINE,0,62.0047,34.7131,0.0,62.0047,27.9079,0.0,,,,,,,,,,,
LINE,0,61.8047,28.9079,0.0,62.2047,28.9079,0.0,,,,,,,,,,,
LINE,0,72.206,27.9079,0.0,72.206,29.9079,0.0,,,,,,,,,,,
LINE,0,71.806,29.9079,0.0,71.806,27.9079,0.0,,,,,,,,,,,
LINE,0,72.006,34.7131,0.0,72.006,27.9079,0.0,,,,,,,,,,,
LINE,0,71.806,29.9079,0.0,72.206,29.9079,0.0,,,,,,,,,,,
LINE,0,64.9847,31.2079,0.0,64.9847,29.9777,0.0,,,,,,,,,,,
LINE,0,68.9647,31.2079,0.0,68.9647,27.9079,0.0,,,,,,,,,,,
LINE,0,67.2473,31.2079,0.0,67.2473,33.3579,0.0,,,,,,,,,,,
LINE,0,67.2473,33.3579,0.0,68.9647,33.3579,0.0,,,,,,,,,,,
LINE,0,64.9847,31.2079,0.0,68.9647,31.2079,0.0,,,,,,,,,,,
LINE,0,68.9647,31.2079,0.0,68.9647,33.3579,0.0,,,,,,,,,,,
LINE,0,62.0047,30.8079,0.0,64.9847,30.8079,0.0,,,,,,,,,,,
LINE,0,62.0047,30.8079,0.0,62.0047,28.9079,0.0,,,,,,,,,,,
LINE,0,70.8081,30.115,0.0,70.9234,33.2469,0.0,,,,,,,,,,,
CIRCLE,0,,,,,,,70.8831,32.0433,0.8581,,,,,,,,
CIRCLE,0,,,,,,,70.6622,32.1659,0.9244,,,,,,,,
CIRCLE,0,,,,,,,70.9516,30.5807,0.8581,,,,,,,,
CIRCLE,0,,,,,,,69.9352,31.0729,0.7505,,,,,,,,
LINE,0,70.8833,27.9079,0.0,71.0196,29.9864,0.0,,,,,,,,,,,
LINE,0,71.0196,29.9864,0.0,71.9082,31.3254,0.0,,,,,,,,,,,
LINE,0,70.816,30.3299,0.0,69.5056,33.3761,0.0,,,,,,,,,,,
LINE,0,70.8081,30.115,0.0,70.8125,27.9954,0.0,,,,,,,,,,,
INSERT,0,,,,,,,,,,,,,,,,,
INSERT,0,,,,,,,,,,,,,,,,,
INSERT,0,,,,,,,,,,,,,,,,,
INSERT,0,,,,,,,,,,,,,,,,,
LINE,0,64.9847,28.5079,0.0,66.9447,28.5079,0.0,,,,,,,,,,,
LINE,0,66.9447,28.5079,0.0,66.9447,29.9777,0.0,,,,,,,,,,,
LINE,0,66.9447,29.9777,0.0,64.9847,29.9777,0.0,,,,,,,,,,,
LINE,0,64.9847,29.9777,0.0,64.9847,28.5079,0.0,,,,,,,,,,,
LINE,0,64.9847,28.5079,0.0,64.9847,27.9079,0.0,,,,,,,,,,,
LINE,0,63.6847,28.5079,0.0,62.2547,28.5079,0.0,,,,,,,,,,,
LINE,0,62.2547,28.5079,0.0,62.2547,29.9777,0.0,,,,,,,,,,,
LINE,0,62.2547,29.9777,0.0,63.6847,29.9777,0.0,,,,,,,,,,,
LINE,0,63.6847,29.9777,0.0,63.6847,28.5079,0.0,,,,,,,,,,,
INSERT,0,,,,,,,,,,,,,,,,,
INSERT,0,,,,,,,,,,,,,,,,,
LINE,0,62.2547,28.8423,0.0,63.6847,28.8423,0.0,,,,,,,,,,,
LINE,0,62.3047,28.8923,0.0,62.3047,29.9277,0.0,,,,,,,,,,,
LINE,0,63.6347,28.8923,0.0,63.6347,29.9277,0.0,,,,,,,,,,,
LINE,0,62.3047,29.9277,0.0,63.6347,29.9277,0.0,,,,,,,,,,,
LINE,0,62.3047,28.8923,0.0,63.6347,28.8923,0.0,,,,,,,,,,,
LINE,0,62.3347,28.9223,0.0,62.3347,29.8977,0.0,,,,,,,,,,,
LINE,0,63.6047,28.9223,0.0,63.6047,29.8977,0.0,,,,,,,,,,,
LINE,0,62.3347,29.8977,0.0,63.6047,29.8977,0.0,,,,,,,,,,,
LINE,0,62.3347,28.9223,0.0,63.6047,28.9223,0.0,,,,,,,,,,,
LINE,0,62.3081,28.7923,0.0,62.3081,28.5579,0.0,,,,,,,,,,,
LINE,0,63.6357,28.7923,0.0,63.6357,28.5579,0.0,,,,,,,,,,,
LINE,0,62.3081,28.7923,0.0,63.6357,28.7923,0.0,,,,,,,,,,,
LINE,0,62.3081,28.5579,0.0,63.6357,28.5579,0.0,,,,,,,,,,,
LINE,0,62.9697,28.9223,0.0,62.9697,29.8977,0.0,,,,,,,,,,,
LINE,0,65.1047,28.5079,0.0,65.1047,29.9777,0.0,,,,,,,,,,,
LINE,0,65.1547,28.5579,0.0,65.1547,29.9277,0.0,,,,,,,,,,,
LINE,0,66.8947,29.9277,0.0,65.1547,29.9277,0.0,,,,,,,,,,,
LINE,0,65.1547,28.5579,0.0,66.8947,28.5579,0.0,,,,,,,,,,,
LINE,0,66.8947,28.5579,0.0,66.8947,29.9277,0.0,,,,,,,,,,,
LINE,0,66.8647,28.5879,0.0,66.8647,28.8423,0.0,,,,,,,,,,,
LINE,0,66.8647,28.9223,0.0,66.8647,29.8977,0.0,,,,,,,,,,,
LINE,0,65.1847,28.5879,0.0,65.1847,28.8423,0.0,,,,,,,,,,,
LINE,0,65.1847,28.9223,0.0,65.1847,29.8977,0.0,,,,,,,,,,,
LINE,0,66.8647,29.8977,0.0,65.1847,29.8977,0.0,,,,,,,,,,,
LINE,0,65.1847,28.5879,0.0,66.8647,28.5879,0.0,,,,,,,,,,,
LINE,0,65.1847,28.8423,0.0,66.8647,28.8423,0.0,,,,,,,,,,,
LINE,0,65.1847,28.9223,0.0,66.8647,28.9223,0.0,,,,,,,,,,,
LINE,0,65.1547,28.8923,0.0,66.8947,28.8923,0.0,,,,,,,,,,,
LINE,0,66.0234,28.9223,0.0,66.0234,29.8977,0.0,,,,,,,,,,,
LWPOLYLINE,0,,,,,,,,,,"[[64.0259, 30.5357], [64.9847, 30.5357], [64.9847, 30.3562], [64.0259, 30.3562]]",4.0,True,,,,,
LWPOLYLINE,0,,,,,,,,,,"[[64.9847, 27.9079], [63.931, 27.9079], [63.931, 27.9079], [64.9847, 27.9079]]",4.0,True,,,,,
LWPOLYLINE,0,,,,,,,,,,"[[64.9847, 27.9079], [63.8736, 27.9079], [63.8736, 27.9787], [64.9847, 27.9787]]",4.0,True,,,,,
LINE,0,54.5539,17.2055,0.0,43.445,17.2055,0.0,,,,,,,,,,,
LINE,0,51.0462,19.7055,0.0,53.7962,19.7055,0.0,,,,,,,,,,,
LINE,0,45.6262,23.9334,0.0,45.6262,18.0336,0.0,,,,,,,,,,,
LINE,0,47.0662,18.0336,0.0,47.0662,19.7055,0.0,,,,,,,,,,,
LINE,0,47.066,17.9362,0.0,47.066,17.2055,0.0,,,,,,,,,,,
LINE,0,45.6262,18.0336,0.0,47.0662,18.0336,0.0,,,,,,,,,,,
LINE,0,47.0662,21.6805,0.0,45.9262,21.6805,0.0,,,,,,,,,,,
LWPOLYLINE,0,,,,,,,,,,"[[51.2171, 17.928], [52.1411, 17.928], [52.1411, 17.2055], [51.2171, 17.2055]]",4.0,True,,,,,
LWPOLYLINE,0,,,,,,,,,,"[[52.1413, 18.018], [51.2171, 18.018], [51.2171, 18.4518], [52.1413, 18.4518]]",4.0,True,,,,,
LWPOLYLINE,0,,,,,,,,,,"[[52.1413, 18.5418], [51.2171, 18.5418], [51.2171, 18.9756], [52.1413, 18.9756]]",4.0,True,,,,,
LWPOLYLINE,0,,,,,,,,,,"[[52.1413, 19.0656], [51.2171, 19.0656], [51.2171, 19.4994], [52.1413, 19.4994]]",4.0,True,,,,,
CIRCLE,0,,,,,,,50.5286,19.0756,0.4626,,,,,,,,
CIRCLE,0,,,,,,,50.4227,19.1417,0.4362,,,,,,,,
CIRCLE,0,,,,,,,50.4095,19.1417,0.4984,,,,,,,,
INSERT,0,,,,,,,,,,,,,,,,,
LINE,0,50.4227,19.1417,0.0,50.8381,18.5207,0.0,,,,,,,,,,,
CIRCLE,0,,,,,,,49.5594,18.9175,0.2191,,,,,,,,
CIRCLE,0,,,,,,,49.5594,18.9485,0.2166,,,,,,,,
LINE,0,49.2989,18.9068,0.0,49.5811,18.9068,0.0,,,,,,,,,,,
LINE,0,49.5811,18.9068,0.0,49.8263,19.0343,0.0,,,,,,,,,,,
LINE,0,49.5811,18.9068,0.0,49.8129,18.7928,0.0,,,,,,,,,,,
LINE,0,49.5811,18.9068,0.0,49.3325,19.0968,0.0,,,,,,,,,,,
INSERT,0,,,,,,,,,,,,,,,,,
LINE,0,50.4227,19.1417,0.0,50.4227,18.7054,0.0,,,,,,,,,,,
MTEXT,0,,,,,,,,,,,,,,,PROYECCION,45.9262,21.9776
MTEXT,0,,,,,,,,,,,,,,,ALERO,45.9256,22.7915
LWPOLYLINE,0,,,,,,,,,,"[[52.6399, 17.928], [53.5639, 17.928], [53.5639, 17.2055], [52.6399, 17.2055]]",4.0,True,,,,,
LWPOLYLINE,0,,,,,,,,,,"[[53.5641, 18.018], [52.6399, 18.018], [52.6399, 18.4518], [53.5641, 18.4518]]",4.0,True,,,,,
LWPOLYLINE,0,,,,,,,,,,"[[53.5641, 18.5418], [52.6399, 18.5418], [52.6399, 18.9756], [53.5641, 18.9756]]",4.0,True,,,,,
LWPOLYLINE,0,,,,,,,,,,"[[53.5641, 19.0656], [52.6399, 19.0656], [52.6399, 19.4994], [53.5641, 19.4994]]",4.0,True,,,,,
LINE,0,45.6262,17.9362,0.0,47.066,17.9362,0.0,,,,,,,,,,,
LINE,0,45.6262,17.2055,0.0,45.6262,17.9362,0.0,,,,,,,,,,,
LINE,0,45.9262,21.6805,0.0,45.9262,23.9334,0.0,,,,,,,,,,,
LINE,Defpoints,54.0098,35.2202,0.0,54.3996,35.2202,0.0,,,,,,,,,,,
LINE,Defpoints,54.0017,35.2202,0.0,54.0098,35.6443,0.0,,,,,,,,,,,
LINE,Defpoints,43.8781,35.2234,0.0,43.4883,35.2234,0.0,,,,,,,,,,,
LINE,Defpoints,43.8862,35.2234,0.0,43.8862,35.6505,0.0,,,,,,,,,,,
MTEXT,Defpoints,,,,,,,,,,,,,,,EM,43.2425,17.4541
MTEXT,Defpoints,,,,,,,,,,,,,,,EM,54.2078,17.7483
MTEXT,Defpoints,,,,,,,,,,,,,,,EM,54.2111,35.4202
MTEXT,Defpoints,,,,,,,,,,,,,,,EM,53.5997,35.6234
MTEXT,Defpoints,,,,,,,,,,,,,,,EM,43.2594,35.4234
MTEXT,Defpoints,,,,,,,,,,,,,,,LM,54.3685,17.4674
MTEXT,Defpoints,,,,,,,,,,,,,,,LCV,54.1471,15.6703
MTEXT,0,,,,,,,,,,,,,,,"\pxr6.8039,t1,2;{\H0.04x;MURO h: 2.00m} ",31.4861,29.5294
